âidéx,助ける,v,A1,Ł âidý vjr.,私は君を助ける。
đòčwênt,文書、ドキュメント,n,A2,Fỳ vâƶàj đòčwêntr.,彼は文書を書いた。
ǧłvèħj,文法,n,A2,Ǧłvèħj nłèśčr ƶj þrījx.,あの文法は難しい。
đékςùr,辞書、辞典,n,A1,Fé wrìṗéς đékςùr.,彼らは辞書を探す。
ńùvłé,新星,n,C1,Ńùvłé brÿuźe,明るい新星
xér,～である,v,A1,Vj ér Σyłej.,あなたはシュウェイだ。
þrījx,難しい、難解な,adj,A1,Đě ƶj þrījxe.,これは難しい。
ł,私,n,A1,Ł xr Mâri.,私はマリーだ。
vj,あなた、あなたたち,n,A1,Lévêr vjčr,あなたの本
vâƶéx,書く,v,A1,Fỳ vâƶàj đòčwêntr.,彼は文書を書いた。
brÿuź,明るい,adj,A2,Ńùvłé brÿuźe,明るい新星
fỳ,彼、彼女,n,A1,Fỳ ƶj dêqrςse.,彼は背が高い。
dêqrςs,高い、背が高い、大きい,adj,A1,Fỳ ƶj dêqrςse.,彼は背が高い。
nłèś,あれ,n,A1,Nłèś ƶj þrījx.,あれは難しい。
wrìṗéx,探す,v,A2,Łj wrìṗým fu.,わたしたちは彼を探す。
lévêr,本,n,A1,Lévêr łčr,私の本
đě,これ,n,A1,Lévêr đé ƶj þrījx.,この本は難しい。
žél,0、ゼロ、零,n,A1,žél,0
þǔf,1、一,n,A1,þǔf,1
dýḃ,2、二,n,A1,dýḃ,2
ťrw,3、三,n,A1,ťrw,3
wx,4、四,n,A1,wx,4
ςêňk,5、五,n,A1,ςêňk,5
cłêx,6、六,n,A1,cłêx,6
śèṗƶ,7、七,n,A1,śèṗƶ,7
ħéȳf,8、八,n,A1,ħéȳf,8
ńëkś,9、九,n,A1,ńëkś,9
žélr,0個の、0倍の,adj,A1,Lévêr žélr,0冊の本
þǔfr,一つの、1個の、1倍の,adj,A1,Lévêr þǔfr,1冊の本
dýḃr,二つの、2個の、2倍の,adj,A1,Lévêr dýḃr,2冊の本
ťrwr,三つの、3個の、3倍の,adj,A1,Lévêr ťrwr,3冊の本
wxr,四つの、4個の、4倍の,adj,A1,Lévêr wxr,4冊の本
ςêňkr,五つの、5個の、5倍の,adj,A1,Lévêr ςêňkr,5冊の本
cłêxr,六つの、6個の、6倍の,adj,A1,Lévêr cłêxr,6冊の本
śèṗƶr,七つの、7個の、7倍の,adj,A1,Lévêr śèṗƶr,7冊の本
ħéȳfr,八つの、8個の、8倍の,adj,A1,Lévêr ħéȳfr,8冊の本
ńëkśr,九つの、9個の、9倍の,adj,A1,Lévêr ńëkśr,9冊の本
žélj,0番目の,adj,A1,Lévêr žélj,0冊目の本
þǔfj,一つ目の、1番目の,adj,A1,Lévêr þǔfj,1冊目の本
dýḃj,二つ目の、2番目の,adj,A1,Lévêr dýḃj,2冊目の本
ťrwj,三つ目の、3番目の,adj,A1,Lévêr ťrwj,3冊目の本
wxj,四つ目の、4番目の,adj,A1,Lévêr wxj,4冊目の本
ςêňkj,五つ目の、5番目の,adj,A1,Lévêr ςêňkj,5冊目の本
cłêxj,六つ目の、6番目の,adj,A1,Lévêr cłêxj,6冊目の本
śèṗƶj,七つ目の、7番目の,adj,A1,Lévêr śèṗƶj,7冊目の本
ħéȳfj,八つ目の、8番目の,adj,A1,Lévêr ħéȳfj,8冊目の本
ńëkśj,九つ目の、9番目の,adj,A1,Lévêr ńëkśj,9冊目の本
